Metric,Value
PR_AUC,0.7607402844657547
Brier_Score,0.19809892101093196
Precision_Long,0.6666666666666666
Recall_Long,0.7735352205398288
F1_Long,0.716135913454213
Best_C,0.5
Decision_Threshold,0.32999999999999985
Duration_Threshold_Minutes,50.0
Train_Pct_Long,49.28027095681626
Val_Pct_Long,52.08181154127101
Test_Pct_Long,50.93896713615024
Train_Size,14172.0
Val_Size,1369.0
Test_Size,5964.0
